age,sex,householdIncome,milesDrive,kidsAtHome,commuteCar,drivingEnthuse,musicEnthuse,subscribeToMusic
61,Male,67352.56481,12074.95083,4,1,4,2,subNo
45,Male,83628.069,12117.10104,0,1,6,4,subNo
57,Male,81981.29806,10159.36821,2,1,5,2,subNo
51,Male,59355.1248,11111.6515,3,1,5,3,subYes
55,Male,79742.75242,10576.59136,0,1,5,2,subNo
57,Female,80856.3374,12329.56154,2,1,5,2,subNo
52,Male,87684.1871,13553.95422,2,1,5,2,subNo
42,Female,100731.4512,14291.02852,1,1,6,4,subNo
58,Female,87945.97197,9354.893299,0,1,5,2,subNo
49,Male,77821.4406,15979.06343,1,1,5,3,subNo
62,Male,75827.06966,11440.60973,2,1,4,3,subNo
52,Male,75685.10414,13241.70701,3,1,5,3,subNo
47,Female,70204.87603,9845.479946,3,1,5,3,subNo
57,Male,97236.80158,16681.09651,0,1,5,2,subNo
53,Male,87777.78044,13503.29103,0,1,5,4,subNo
56,Female,86703.6974,13529.03179,0,1,5,3,subNo
56,Male,83182.63628,13168.94713,2,1,4,3,subNo
58,Female,81485.31679,10692.75047,2,1,5,4,subNo
52,Female,94025.90079,10786.33003,4,1,5,3,subNo
46,Female,95766.91775,13146.97306,3,1,5,4,subNo
62,Female,89327.85175,7611.931845,4,1,5,2,subNo
51,Male,110769.0219,14298.16764,2,1,6,3,subNo
44,Male,101709.0478,14008.86066,3,1,6,5,subNo
52,Male,77672.8049,11851.08973,5,1,4,2,subNo
47,Male,81438.35895,12892.51913,0,1,5,5,subNo
54,Male,81591.12912,11658.14871,3,1,4,2,subNo
41,Female,91568.82168,11429.3339,6,1,6,5,subNo
59,Female,74792.50608,12554.08171,2,1,4,1,subNo
49,Female,79913.35536,9107.797258,2,1,4,4,subNo
54,Female,85260.40522,12132.90045,3,1,5,3,subNo
68,Male,77754.83128,15176.92116,1,1,5,2,subNo
57,Male,80448.77515,10811.0457,0,1,4,3,subNo
51,Female,99152.58532,10177.88169,1,1,4,5,subNo
51,Female,76097.30919,16296.83587,3,1,4,2,subNo
59,Male,70859.77364,13321.19996,1,1,5,2,subNo
48,Male,74137.27144,14339.13899,1,1,5,3,subNo
58,Male,72207.08986,13046.9653,1,1,5,2,subNo
57,Male,79215.44287,12883.49986,0,1,5,3,subNo
47,Female,73492.22719,11997.3351,1,1,5,2,subNo
55,Male,95300.28383,14404.51293,2,1,4,4,subNo
59,Male,106660.3378,10989.35752,3,1,6,2,subNo
44,Female,56407.83654,13930.8525,1,1,5,2,subNo
55,Male,95512.76565,10709.69269,3,1,3,3,subNo
57,Female,83415.94556,12857.45201,0,1,5,3,subNo
60,Male,96139.44517,15791.15884,0,1,4,3,subNo
48,Male,68040.11499,13419.67498,5,1,5,3,subNo
53,Female,91421.80987,7774.405046,2,1,5,3,subYes
54,Male,89918.52031,15048.71866,2,1,4,2,subNo
61,Male,84170.20202,16495.68574,1,1,4,4,subNo
55,Female,69975.16744,16239.76093,1,1,3,2,subNo
51,Male,92361.94121,11335.13915,3,1,4,4,subYes
54,Female,74623.73255,14547.13007,1,1,6,3,subNo
48,Female,98017.25153,8746.09967,1,1,5,3,subNo
57,Female,87235.91049,10610.59148,1,1,5,2,subNo
56,Female,95509.38084,11065.82756,3,1,4,2,subNo
59,Male,85356.89128,13506.58665,1,1,4,3,subNo
51,Male,79217.7725,10956.11038,4,1,6,4,subNo
48,Female,90860.95859,11319.70019,1,1,4,2,subNo
49,Male,82794.81783,12394.94749,0,1,5,2,subNo
55,Male,79166.10415,14154.47663,3,1,5,2,subNo
54,Female,74304.83527,12631.52783,2,1,5,3,subNo
63,Female,90586.24544,13489.4036,0,1,5,1,subNo
56,Male,76533.00924,10149.36118,1,1,4,3,subNo
50,Male,88445.72222,12958.88235,2,1,4,2,subNo
60,Male,98763.79475,14036.34727,3,1,4,3,subNo
54,Female,90919.96572,10904.80547,0,1,4,2,subNo
53,Female,90568.83197,13056.07025,3,1,5,3,subNo
47,Female,74787.31418,11199.5459,2,1,4,3,subNo
46,Male,94472.26894,16828.45951,2,1,5,4,subNo
57,Male,73216.67373,13476.85814,2,1,4,3,subNo
50,Male,90663.06283,8969.873486,1,1,6,2,subNo
54,Male,89475.90245,12913.09358,4,1,5,4,subYes
63,Male,94615.05122,13550.60269,1,1,6,3,subNo
56,Male,94753.05868,13768.49776,1,1,6,4,subNo
47,Female,67253.07443,13114.14386,2,1,4,3,subNo
47,Female,81980.4946,12757.74942,1,1,5,3,subNo
58,Male,71703.54492,12070.84743,4,1,5,2,subNo
53,Male,82705.04146,15074.8958,2,1,5,3,subNo
56,Female,78037.92498,10316.21442,1,1,6,3,subNo
54,Male,79978.81341,12040.80858,2,1,5,3,subNo
62,Male,56386.40611,11194.73478,0,1,4,2,subNo
52,Female,87077.70747,12793.13409,2,1,5,2,subNo
57,Male,86654.57111,10898.74472,2,1,4,3,subNo
48,Male,55595.87704,14849.66924,4,1,4,3,subNo
50,Male,90538.69742,12823.67123,2,1,4,4,subNo
50,Male,120507.8969,17515.79879,1,1,5,4,subNo
59,Male,101641.1038,13282.57946,2,1,5,3,subNo
58,Female,76238.32218,10785.09743,2,1,5,3,subNo
56,Female,97053.19062,16465.9418,0,1,5,1,subNo
54,Male,79238.03779,11055.06728,2,1,3,4,subNo
59,Female,90878.1013,12002.31943,4,1,4,3,subNo
62,Male,80290.13411,13487.79345,5,1,6,3,subNo
54,Male,86629.44171,10488.43624,2,1,5,3,subYes
55,Male,101034.6886,13765.57239,2,1,5,3,subNo
59,Female,91381.62471,14288.49812,3,1,5,3,subNo
55,Male,90314.55379,11389.18466,2,1,5,2,subNo
51,Male,71335.22837,8914.439894,1,1,6,4,subNo
50,Female,93726.29772,15283.60839,4,1,5,3,subNo
60,Female,97446.78071,14836.73066,0,1,5,2,subNo
57,Male,90519.35429,13172.93415,3,1,6,2,subNo
59,Male,95255.06967,13371.64193,0,1,4,2,subNo
56,Female,71584.34795,12464.28837,2,1,5,3,subNo
54,Female,67560.58162,13044.75385,1,1,5,3,subNo
62,Male,80409.82381,11852.39478,2,1,4,2,subNo
54,Male,84143.01106,10628.0644,1,1,5,3,subYes
59,Male,98661.21172,15538.20384,0,1,4,2,subNo
50,Male,75077.13062,13517.28879,2,1,5,3,subNo
67,Female,87148.22619,7852.397583,3,1,5,3,subNo
51,Male,76848.39935,11577.19889,2,1,4,3,subNo
52,Male,83579.98935,12536.37719,0,1,4,3,subNo
53,Female,92383.26806,13180.83516,3,1,4,3,subNo
58,Female,90624.83678,12553.97009,2,1,5,3,subNo
51,Male,74466.69183,14359.45491,3,1,5,1,subYes
70,Male,67649.82872,10020.61635,2,1,4,3,subNo
49,Female,89565.37249,11484.38331,0,1,6,2,subNo
57,Male,85909.94787,9309.172795,3,1,6,2,subNo
55,Male,91563.13199,11511.72699,2,1,5,3,subNo
50,Male,78637.07883,12153.99137,1,1,6,4,subNo
60,Male,83528.04827,14917.33633,1,1,5,4,subNo
50,Female,69351.11384,14901.06423,1,1,5,4,subNo
57,Female,85149.89332,13782.04528,4,1,4,3,subNo
57,Male,108749.37,11509.59996,3,1,5,2,subNo
56,Male,60979.39885,9415.088328,3,1,4,3,subNo
47,Male,70441.75764,8711.025171,1,1,5,2,subNo
45,Female,99266.12476,6329.579953,2,1,5,3,subNo
51,Female,81713.7578,13539.50949,4,1,5,2,subNo
49,Male,83690.64622,11608.33686,2,1,5,3,subNo
53,Female,104065.1485,13068.54862,1,1,5,3,subNo
59,Female,99191.63836,11769.71166,0,1,5,3,subNo
55,Female,90762.63167,12662.87945,1,1,5,2,subNo
53,Male,70815.58853,13668.68519,1,1,4,4,subNo
48,Female,74992.00558,13650.49978,2,1,6,3,subNo
57,Male,81472.97837,9256.22206,1,1,5,5,subNo
48,Female,73279.55886,13166.41309,3,1,4,2,subNo
52,Male,86863.66074,12530.49052,3,1,4,4,subNo
52,Female,68792.7844,8219.516277,2,1,5,3,subNo
51,Female,76703.78363,11092.24331,1,1,5,3,subNo
56,Female,87547.52763,14202.2008,3,1,5,2,subNo
55,Female,83301.86733,11344.3666,5,1,3,3,subNo
60,Male,100872.763,9554.202868,3,1,5,3,subYes
52,Female,83286.82662,13991.57341,2,1,5,3,subYes
50,Male,88656.08372,12893.4727,2,1,5,2,subNo
54,Female,102464.6184,13551.83177,1,1,5,2,subNo
52,Male,76932.08312,8758.845158,0,1,5,4,subNo
54,Male,83260.35424,16204.55778,2,1,4,3,subNo
54,Male,89427.78064,10332.61902,1,1,5,3,subYes
58,Female,97613.33928,12154.67472,2,1,5,3,subNo
54,Male,80540.25702,15864.19281,0,1,6,3,subNo
52,Male,69176.02852,12271.90485,2,1,5,4,subNo
57,Male,81974.96163,12083.39946,0,1,6,3,subYes
52,Male,81663.68802,14269.49827,6,1,5,3,subNo
46,Male,80140.77641,12225.62037,1,1,5,3,subNo
49,Female,68442.12298,13728.41007,0,1,5,4,subNo
65,Male,73672.13754,15346.64679,3,1,6,4,subNo
64,Male,79086.22711,13938.50462,7,1,6,2,subNo
55,Male,81298.78568,12478.28376,2,1,4,3,subNo
39,Male,86809.04493,11715.77397,2,1,5,3,subNo
51,Male,86456.33874,8016.869715,2,1,5,4,subNo
51,Male,65275.55037,12246.4292,2,1,6,4,subNo
53,Male,102550.8174,13357.26312,3,1,6,3,subNo
51,Male,80983.76749,15188.52254,2,1,4,3,subNo
58,Male,83962.68687,10998.24323,1,1,6,4,subNo
60,Male,84155.58362,12561.93855,1,1,6,3,subNo
55,Male,89117.49649,13556.17008,2,1,5,3,subNo
51,Female,94506.52234,14807.28308,1,1,5,4,subNo
55,Female,89195.35331,11658.20315,2,1,6,3,subNo
53,Female,80644.81278,13464.52328,2,1,5,1,subNo
48,Male,101321.6568,12845.57061,1,1,5,3,subNo
58,Male,74819.9791,14295.97943,3,1,5,2,subNo
53,Male,90860.69644,11933.10606,0,1,4,3,subNo
45,Male,60197.48429,12873.66358,2,1,4,3,subNo
42,Female,71776.34246,19697.8397,0,1,4,2,subNo
44,Male,66384.3526,16366.35009,0,1,4,3,subYes
42,Female,59418.0665,20333.20162,0,1,4,2,subNo
44,Male,64803.656,14539.07122,0,1,4,3,subNo
44,Male,61518.77231,17024.93578,2,1,4,3,subNo
45,Female,64976.75113,17514.77344,0,1,4,2,subNo
39,Female,61629.68499,13876.19827,2,1,4,2,subNo
42,Female,65893.32086,15324.1069,0,1,4,1,subNo
43,Female,69196.98356,16601.87643,0,1,4,3,subNo
42,Female,70495.40971,12496.68011,0,1,6,2,subNo
43,Male,63289.58008,14438.40724,2,1,5,1,subNo
41,Female,63082.87778,11624.20688,1,1,5,1,subNo
43,Female,58375.37553,16066.88879,0,1,5,1,subNo
39,Female,64566.58824,13240.48658,0,1,5,1,subNo
41,Female,62466.89671,16301.17745,0,1,4,2,subNo
44,Male,59370.89701,18273.69289,1,1,4,2,subNo
45,Female,60089.91457,13148.08217,0,1,5,1,subNo
41,Male,68431.91547,12612.55483,3,1,5,1,subNo
38,Male,58366.27679,15232.8984,0,1,5,4,subNo
40,Male,64974.82915,12122.73657,0,1,4,2,subNo
42,Female,61447.79711,15354.48908,1,1,4,3,subNo
39,Female,72543.93734,15610.43805,0,1,4,1,subNo
43,Female,62961.03099,15038.29212,1,1,5,3,subNo
39,Female,68352.31739,20488.98391,1,1,3,2,subNo
42,Male,60233.50572,14257.48253,2,1,4,2,subNo
42,Female,64346.11995,16708.69607,1,1,5,4,subNo
42,Male,59443.95662,13406.51233,2,1,4,2,subNo
41,Male,60637.9557,13234.57467,1,1,3,1,subNo
43,Female,68010.95095,12025.84006,2,1,5,2,subNo
43,Female,64821.23072,16142.51915,2,1,4,3,subNo
40,Female,63458.18078,13883.66903,1,1,5,2,subNo
44,Female,59869.63673,19213.79773,3,1,4,2,subNo
46,Male,72571.93713,14511.33124,3,1,4,2,subYes
39,Female,69262.86911,16625.20549,2,1,4,2,subNo
45,Male,61723.36773,15821.08609,0,1,3,2,subNo
43,Female,65951.3136,14204.61298,0,1,4,2,subNo
42,Female,57245.20918,14179.53194,0,1,5,2,subNo
42,Male,50760.70566,19183.45686,0,1,6,3,subNo
40,Female,66042.1943,14410.75114,1,1,5,2,subNo
46,Female,68803.4499,17636.65587,1,1,4,2,subNo
39,Male,63409.66501,13434.76018,0,1,3,4,subNo
39,Male,63939.06427,15256.20619,0,0,5,1,subNo
41,Female,65441.62132,13305.60816,3,1,4,4,subNo
41,Female,64846.56361,14956.59097,1,0,4,1,subNo
39,Female,62455.78899,15749.45787,1,1,4,2,subNo
44,Male,69986.38074,14760.94823,1,1,3,3,subNo
42,Female,58410.84634,14401.81787,0,1,4,3,subNo
47,Female,73103.30804,12555.75202,0,1,5,1,subNo
42,Female,68998.73362,17538.2418,0,1,4,2,subNo
40,Male,63015.53548,12652.43747,0,0,4,2,subNo
45,Male,66963.14939,15720.87495,1,1,5,2,subNo
41,Male,66025.03564,13774.05298,1,1,4,1,subNo
39,Female,59249.90624,14177.10807,0,0,4,1,subNo
43,Female,59334.35451,14071.74721,0,1,3,3,subNo
40,Female,64194.38216,15343.14334,2,0,4,3,subNo
46,Male,64031.00498,15738.27536,1,0,5,3,subNo
44,Female,64938.50007,16144.66216,2,1,2,2,subYes
43,Female,70011.52875,13109.95433,1,1,4,2,subNo
41,Male,63122.90432,13479.11028,2,1,3,2,subNo
43,Male,73054.25222,10837.66038,1,1,5,2,subNo
43,Female,61780.45214,14143.62044,1,1,5,1,subNo
42,Male,65534.562,12961.65715,2,1,4,1,subNo
42,Male,68673.75747,13481.95483,2,1,5,3,subNo
41,Female,59948.7699,12760.25467,1,1,5,2,subNo
45,Male,66733.45386,12515.17058,1,1,4,2,subNo
40,Female,66584.49947,13713.44803,0,1,5,3,subNo
42,Female,64889.16582,17811.87028,0,1,5,1,subNo
45,Female,61506.13258,13068.66288,1,1,4,1,subYes
39,Male,71020.83248,16805.42178,0,1,4,2,subYes
45,Female,70092.95502,11496.56148,1,1,4,2,subNo
42,Female,62483.39373,18918.01477,0,1,4,2,subNo
41,Male,63710.65184,12950.95375,1,0,5,2,subNo
39,Female,58527.80294,15828.04417,0,0,4,2,subNo
45,Female,68200.34061,18352.83682,1,1,4,1,subNo
44,Female,65611.55967,14929.00072,1,1,5,1,subNo
46,Female,60651.45461,14212.01171,2,1,4,3,subNo
45,Male,61746.18209,16259.75482,0,1,4,2,subNo
44,Female,65964.41834,13130.99144,1,1,6,2,subNo
44,Female,60568.92079,17493.7342,1,0,4,2,subNo
43,Female,62455.0157,13642.26618,1,0,5,2,subNo
44,Male,63724.52211,11746.85403,1,0,4,2,subNo
42,Female,67097.41375,15955.79242,1,1,5,1,subNo
40,Female,62573.53218,19412.85243,0,0,4,1,subNo
41,Female,61818.33109,16446.94071,1,1,4,2,subNo
42,Female,91085.6424,18944.28129,3,1,3,2,subNo
41,Female,78410.34897,15155.40175,4,1,4,4,subNo
37,Female,89949.75123,15946.08802,2,1,3,2,subNo
38,Female,26965.72522,12374.36481,1,1,3,3,subNo
41,Female,74921.6343,14802.60622,3,1,4,3,subNo
38,Male,70092.20788,14120.46863,2,1,3,3,subNo
36,Female,53200.41938,15474.28247,1,1,4,4,subNo
38,Female,49994.42932,15039.05175,3,1,4,2,subNo
37,Female,57678.70933,16186.14541,3,1,3,2,subNo
41,Female,84702.87807,20207.0663,1,1,3,3,subNo
40,Male,59294.96796,14376.40334,2,1,3,3,subNo
37,Male,90944.679,15751.98795,1,1,4,2,subNo
36,Female,64382.99099,15166.61382,0,1,4,2,subNo
40,Male,67595.30028,20980.65366,1,1,4,3,subNo
38,Female,62865.27361,14877.987,3,1,3,3,subNo
37,Female,31213.65412,13309.46809,1,1,3,3,subNo
35,Female,95271.78936,13084.4129,2,1,4,3,subNo
40,Female,66140.13464,15089.82832,4,1,3,3,subYes
36,Female,67768.57925,15062.78819,0,1,4,4,subNo
38,Male,68587.97171,14605.85317,3,1,3,3,subNo
41,Female,73394.13221,17637.28682,2,1,3,3,subNo
38,Female,55792.96698,18161.20201,4,1,3,1,subNo
38,Female,47405.92117,16544.96699,1,1,2,3,subNo
36,Female,92757.43125,14186.63921,3,1,3,2,subNo
36,Female,96033.32798,17876.69959,2,1,4,4,subNo
36,Male,89536.18502,19966.91312,1,1,3,4,subNo
35,Female,70296.00215,18966.48366,4,1,4,3,subNo
38,Female,89728.54673,19450.34154,6,1,3,4,subNo
38,Female,88235.03196,16283.15838,0,1,3,3,subNo
38,Male,101365.7445,16637.52065,2,1,3,3,subNo
38,Female,60045.42302,16127.5904,4,1,2,3,subNo
38,Female,111455.9402,17539.18209,2,1,4,2,subNo
36,Female,91586.98706,11486.40575,4,1,4,3,subNo
39,Male,97636.53207,14027.88106,4,1,4,3,subNo
38,Female,71409.77292,15368.3187,1,1,3,3,subNo
38,Female,50642.81522,17537.75578,3,1,3,4,subNo
39,Female,56048.72777,13331.77672,0,1,3,3,subNo
43,Female,49334.44891,19310.0107,5,1,3,2,subNo
37,Female,59037.01287,18551.03671,2,1,3,2,subNo
35,Male,74746.86413,14350.78091,5,1,2,3,subYes
40,Female,62540.91305,13749.91299,1,1,5,4,subNo
38,Male,65450.20003,17124.89429,3,1,4,3,subNo
39,Female,45310.29752,17324.59043,4,1,4,2,subNo
35,Male,79055.93792,14154.28871,5,1,4,2,subNo
36,Female,66170.26686,18142.52099,5,1,3,1,subNo
38,Female,27872.45388,15991.12816,3,1,3,2,subNo
39,Female,82819.79157,14767.66522,9,1,2,3,subNo
41,Female,86179.28445,18415.13881,1,1,4,2,subNo
38,Female,87773.18406,15473.64698,1,1,2,2,subNo
38,Female,115385.8532,17149.3765,8,1,3,2,subNo
37,Female,74036.38381,18042.00047,1,1,4,2,subNo
36,Female,79780.29047,17599.54556,4,1,4,4,subNo
35,Female,36764.13519,13801.28517,5,1,5,4,subNo
37,Female,53441.41437,12485.5931,2,1,4,2,subNo
37,Female,109126.2439,19523.91694,3,1,3,3,subNo
40,Female,58384.71399,16963.85601,3,1,4,3,subNo
37,Female,53601.00935,16696.44242,3,1,3,3,subNo
36,Male,50827.05158,19151.35487,3,1,3,4,subNo
34,Female,67677.24681,18239.17378,1,1,2,2,subNo
37,Male,69720.8084,17131.64525,5,1,3,2,subNo
38,Female,98399.01951,13913.14712,2,1,3,2,subNo
41,Male,51128.06113,16037.98766,1,1,4,2,subNo
38,Female,65135.48501,16917.5082,5,1,4,4,subNo
39,Female,71862.28834,11208.34905,6,1,3,3,subNo
39,Female,32499.7839,15758.5314,6,1,2,3,subNo
36,Female,49048.48598,15200.39786,1,1,3,3,subNo
39,Female,41019.98584,14800.52927,3,1,3,3,subNo
40,Male,57416.75615,14791.39748,6,1,4,3,subNo
38,Female,50466.87327,15847.69698,2,1,4,3,subNo
37,Female,56349.46308,16171.26311,3,1,3,3,subNo
36,Male,86724.05727,17578.82354,2,1,5,2,subNo
39,Female,67046.63343,12978.89045,1,1,3,2,subNo
37,Female,71208.18556,17642.67634,3,1,4,2,subNo
34,Female,96111.87191,18385.86083,4,1,2,3,subNo
38,Female,61667.28062,12768.46425,4,1,3,3,subNo
37,Female,93833.34807,15303.93491,6,1,3,4,subNo
37,Male,32036.00736,18654.13969,1,1,3,3,subNo
37,Female,63504.76306,14818.41326,3,1,4,1,subNo
36,Male,111975.0515,16704.70772,5,1,3,2,subNo
38,Female,44434.83431,17809.5109,3,1,4,2,subNo
41,Female,32221.49464,15846.08123,4,1,3,2,subNo
37,Female,99441.22496,16251.98755,5,1,3,3,subYes
43,Male,51726.73364,15137.38922,1,1,3,2,subNo
34,Female,40625.52087,18397.14749,1,1,3,3,subNo
39,Female,71064.87512,21768.25829,3,1,3,4,subNo
39,Female,49690.64919,17458.02304,4,1,3,3,subNo
39,Male,61422.22157,15571.32011,2,1,2,3,subNo
39,Female,70469.51246,15315.03649,3,1,3,3,subNo
38,Female,83906.66784,12320.9818,2,1,4,2,subNo
38,Female,80171.44208,16056.78444,7,1,3,4,subNo
42,Female,73182.66674,17829.65763,1,1,2,3,subNo
41,Male,88099.6588,18523.54306,1,1,3,2,subNo
39,Male,41308.31241,18615.35219,4,1,4,3,subNo
38,Male,89965.82354,16267.17074,4,1,4,3,subNo
38,Female,52944.71144,17894.45615,3,1,4,3,subNo
42,Male,100151.1812,16755.10165,2,1,3,3,subNo
41,Female,93930.45861,15300.82836,2,1,4,3,subNo
37,Female,113010.9863,16464.16611,4,1,3,3,subNo
38,Female,68334.29815,17656.21043,1,1,4,2,subNo
39,Female,67033.25932,13768.26995,1,1,3,3,subNo
35,Female,60703.59043,16266.28056,3,1,3,2,subNo
38,Male,74166.28029,18838.73205,1,1,3,3,subNo
38,Female,61675.04453,19476.99074,4,1,2,2,subNo
36,Female,100153.3956,15364.32536,5,1,3,3,subNo
36,Female,62944.4477,15564.36635,1,1,4,3,subNo
36,Female,93206.45418,18907.06032,2,1,4,2,subNo
37,Male,63708.04959,16160.24682,5,1,2,2,subNo
36,Female,81996.15049,18748.97444,4,1,3,2,subNo
38,Female,73378.17519,16805.75265,4,1,3,3,subNo
38,Female,50052.31246,14456.44878,1,1,3,3,subYes
39,Female,107126.0721,12993.51429,4,1,3,3,subYes
38,Female,51516.77068,17563.58141,2,1,3,2,subNo
39,Female,75705.27604,15631.64571,5,1,5,2,subNo
37,Female,93684.69636,12981.12283,6,1,4,4,subNo
39,Female,95226.84152,15028.49251,2,1,3,3,subNo
36,Female,37177.17576,15338.79502,7,1,5,4,subNo
37,Female,86678.54069,14255.26377,4,1,3,2,subNo
38,Male,73010.19964,15763.2134,2,1,4,3,subNo
39,Male,31248.36244,12921.37669,1,1,3,3,subNo
39,Male,42278.90015,15665.56593,6,1,3,3,subNo
36,Female,72462.32541,20364.94417,4,1,4,3,subNo
35,Female,59331.67035,15713.69131,2,1,4,4,subNo
39,Female,75164.61288,15790.2971,6,1,3,3,subNo
37,Female,53279.12439,13912.47617,1,1,3,3,subYes
39,Female,59126.8874,14591.44104,9,1,5,3,subYes
37,Female,48097.01008,0,3,0,3,4,subNo
36,Male,55056.22418,0,1,0,2,4,subNo
33,Male,56845.68947,0,2,0,4,4,subNo
34,Female,72056.33735,0,6,0,4,5,subNo
35,Female,50266.41847,0,1,0,3,5,subNo
36,Female,56264.59752,0,5,0,2,4,subYes
37,Male,36589.42146,0,4,0,1,5,subNo
33,Female,35274.28678,0,3,0,3,4,subNo
30,Female,24555.728,0,3,0,2,4,subNo
41,Female,55281.17198,0,2,0,3,4,subNo
41,Male,36031.6,0,2,0,1,3,subNo
36,Male,46107.04784,0,5,0,2,4,subNo
34,Female,45588.1583,0,3,0,3,3,subNo
39,Male,50438.39406,0,2,0,2,3,subNo
34,Female,49914.51792,0,3,0,2,5,subNo
30,Male,54402.71177,0,2,0,2,4,subNo
35,Female,54436.51081,0,1,0,1,6,subNo
29,Female,46520.82184,0,2,0,2,4,subNo
46,Male,44675.84221,0,1,0,3,5,subNo
38,Female,31316.89542,0,1,0,3,5,subNo
36,Male,53997.24179,0,1,0,1,5,subNo
34,Female,57011.31225,0,1,0,1,4,subNo
38,Male,29296.60737,0,2,0,1,5,subNo
32,Male,44853.67019,0,0,0,2,4,subNo
32,Male,52962.70037,0,2,0,1,4,subNo
37,Male,49406.98772,0,3,0,2,5,subNo
34,Female,52162.24556,0,1,0,2,6,subNo
35,Male,59984.90768,0,3,0,1,5,subNo
31,Male,58665.12345,0,3,0,2,5,subNo
38,Female,41958.23149,0,4,0,1,4,subNo
39,Female,48074.956,0,1,0,1,5,subNo
33,Female,53649.71992,0,1,0,2,4,subNo
40,Male,42836.89592,0,2,0,3,5,subNo
33,Male,40319.68408,0,2,0,2,3,subNo
38,Male,61277.15019,0,5,0,2,5,subNo
35,Male,61551.15132,0,1,0,3,3,subNo
34,Female,44656.17403,0,1,0,2,5,subNo
32,Male,60774.28515,0,0,0,2,5,subNo
31,Male,59219.55099,0,3,0,3,4,subNo
41,Male,51907.55949,0,1,0,3,5,subNo
26,Female,53576.70781,0,3,0,2,4,subNo
36,Male,56435.8975,0,1,0,2,5,subNo
38,Female,59002.74881,0,4,0,2,4,subNo
36,Female,52895.93938,0,2,0,3,3,subNo
39,Male,59003.19784,0,0,0,1,3,subNo
33,Male,45082.96132,0,2,0,2,3,subNo
37,Male,36212.55999,0,1,0,2,4,subNo
31,Male,39845.97101,0,2,0,2,3,subNo
39,Female,41239.2811,0,2,0,2,5,subNo
36,Male,63199.12152,0,1,0,3,3,subNo
36,Male,53658.43139,0,2,0,2,5,subNo
34,Male,52377.58382,0,4,0,1,4,subNo
35,Male,54178.31064,0,1,0,2,3,subNo
36,Male,46218.41344,0,5,0,2,5,subNo
40,Female,42479.20923,0,4,0,1,4,subNo
36,Male,62129.58015,0,2,0,2,4,subNo
36,Female,36305.74482,0,2,0,3,4,subNo
29,Male,81819.78185,0,1,0,3,3,subNo
34,Male,49576.08698,0,2,0,2,4,subNo
30,Male,56365.84008,0,1,0,1,5,subNo
34,Female,53543.90259,0,2,0,1,4,subNo
46,Female,52787.15052,0,1,0,2,3,subNo
35,Female,30266.15047,0,1,0,3,4,subNo
39,Male,56473.51932,0,1,0,3,5,subNo
33,Female,49338.79675,0,2,0,2,4,subNo
36,Male,37955.69364,0,3,0,3,4,subNo
39,Female,39703.05859,0,1,0,2,6,subNo
43,Female,29897.5419,0,0,0,2,6,subNo
39,Male,60007.36618,0,0,0,2,4,subNo
31,Female,46985.51682,0,0,0,2,4,subNo
36,Male,57321.60227,0,2,0,2,4,subNo
28,Female,23069.57771,0,2,0,2,4,subNo
36,Female,41136.32079,0,2,0,2,4,subNo
36,Female,58093.55701,0,2,0,1,4,subNo
39,Male,51689.25311,0,1,0,3,5,subNo
36,Female,67168.89973,0,3,0,2,5,subNo
41,Female,51475.82106,0,3,0,2,4,subNo
35,Female,41957.68752,0,2,0,3,5,subNo
38,Female,71810.01799,0,2,0,1,4,subNo
37,Female,57687.57127,0,2,0,2,5,subNo
41,Female,50964.3775,0,2,0,3,4,subNo
27,Female,49294.79867,0,3,0,2,4,subNo
37,Male,59226.6318,0,0,0,2,4,subNo
34,Male,57813.23647,0,2,0,3,5,subNo
39,Female,64282.63079,0,0,0,2,4,subNo
38,Male,48532.22496,0,3,0,2,3,subNo
37,Female,46610.73796,0,2,0,3,4,subNo
34,Male,45473.89814,0,1,0,2,4,subNo
35,Female,54588.10443,0,2,0,3,3,subNo
37,Female,51450.37425,0,1,0,3,5,subNo
35,Female,48006.22734,0,2,0,1,5,subNo
45,Male,39017.16999,0,1,0,2,3,subNo
41,Female,63669.18774,0,1,0,3,5,subNo
34,Female,58869.13881,0,0,0,3,3,subNo
39,Male,47234.61484,0,5,0,3,4,subNo
34,Male,43544.77891,0,2,0,3,5,subNo
45,Male,33406.22585,0,3,0,2,4,subNo
38,Female,49680.35252,0,1,0,1,5,subNo
34,Male,40894.74972,0,2,0,1,4,subNo
27,Male,47944.88297,0,1,0,2,4,subNo
39,Male,62815.69001,0,0,0,3,6,subNo
35,Female,44150.89455,0,1,0,2,5,subNo
36,Male,52329.43796,0,5,0,2,4,subNo
35,Female,49074.53888,0,0,0,2,4,subNo
34,Male,47808.26628,0,3,0,2,4,subNo
31,Female,49447.41712,0,1,0,2,4,subNo
33,Male,44251.51299,0,2,0,2,5,subNo
32,Female,66189.73216,0,0,0,1,6,subNo
35,Female,49616.50481,0,0,0,2,3,subNo
37,Female,40054.94113,0,3,0,2,6,subNo
37,Female,49993.19458,0,3,0,2,5,subNo
41,Female,58868.15845,0,2,0,1,5,subNo
40,Male,52717.92903,0,3,0,2,4,subNo
40,Female,54260.22547,0,0,0,3,5,subNo
33,Male,49305.2561,0,1,0,3,5,subNo
38,Female,39932.50679,0,2,0,2,4,subNo
37,Female,41479.03274,0,0,0,3,4,subNo
38,Female,44335.07803,0,2,0,2,4,subNo
39,Male,51547.02697,0,2,0,3,3,subNo
31,Male,59956.87895,0,1,0,3,4,subNo
38,Male,66985.45645,0,2,0,2,3,subNo
42,Male,59737.36985,0,1,0,2,3,subNo
34,Male,71375.60697,0,2,0,3,4,subNo
35,Male,49360.43188,0,1,0,2,5,subNo
42,Male,28936.8734,0,1,0,3,4,subNo
43,Male,39802.3044,0,1,0,1,5,subNo
31,Female,60908.31527,0,1,0,3,3,subNo
25,Female,51893.91026,0,3,0,1,4,subNo
43,Female,57378.04702,0,5,0,2,3,subNo
37,Female,46775.68791,0,3,0,3,3,subNo
31,Male,37777.3562,0,2,0,3,3,subNo
35,Female,54496.14609,0,3,0,2,4,subNo
34,Male,56702.70828,0,4,0,2,4,subNo
37,Male,45380.11361,0,1,0,1,3,subNo
33,Female,63106.52334,0,5,0,2,3,subNo
38,Male,52420.06323,0,3,0,1,4,subNo
35,Male,53061.6254,0,3,0,4,4,subNo
37,Male,51051.92517,0,3,0,3,4,subNo
38,Female,51680.01143,0,4,0,1,3,subNo
36,Female,64931.18008,0,3,0,1,3,subNo
33,Male,55254.09499,0,1,0,1,5,subNo
30,Male,46963.6552,0,0,0,2,4,subNo
34,Male,50161.44085,0,5,0,2,4,subNo
34,Female,61627.00356,0,2,0,2,4,subNo
38,Female,58931.40155,0,2,0,2,4,subNo
35,Female,44768.19528,0,0,0,3,6,subNo
34,Male,50552.39545,0,0,0,3,4,subNo
39,Female,48535.52108,0,2,0,1,4,subNo
32,Male,45290.39464,0,5,0,3,5,subNo
35,Male,54893.95914,0,3,0,3,4,subNo
40,Male,39248.98006,0,2,0,2,4,subNo
30,Female,60132.71533,0,2,0,2,4,subNo
36,Male,41822.89815,0,1,0,2,5,subNo
34,Male,43398.73336,0,0,0,2,3,subNo
28,Female,56115.34473,0,2,0,3,4,subNo
37,Male,38467.97857,0,2,0,2,4,subNo
34,Male,50736.34215,0,5,0,2,4,subNo
40,Male,52833.93647,0,0,0,3,5,subNo
40,Female,75235.92572,0,3,0,2,5,subNo
37,Male,62221.92377,0,3,0,1,5,subNo
32,Female,51256.09756,0,1,0,2,3,subNo
34,Female,54236.14944,0,1,0,1,5,subNo
34,Female,52691.81219,0,3,0,1,6,subNo
31,Female,50978.05778,0,2,0,3,4,subNo
42,Female,57322.90865,0,0,0,2,3,subNo
29,Female,43390.80475,0,0,0,3,4,subNo
32,Male,37546.40146,0,0,0,3,4,subNo
36,Male,49957.06052,0,4,0,1,5,subNo
33,Male,53470.49603,0,2,0,1,5,subNo
37,Male,48249.20928,0,1,0,3,3,subNo
37,Male,64485.22037,0,1,0,1,5,subNo
34,Male,36771.9596,0,2,0,2,6,subNo
40,Female,63074.10445,0,2,0,3,4,subNo
36,Male,43938.79402,0,1,0,1,4,subNo
36,Female,24542.88352,0,3,0,2,5,subNo
43,Male,41051.11175,0,3,0,2,5,subNo
32,Male,67187.86481,0,4,0,1,4,subNo
35,Male,48578.56322,0,1,0,3,4,subNo
39,Male,48630.97993,0,3,0,3,4,subNo
36,Male,26089.78942,0,3,0,2,3,subNo
40,Male,45742.56767,0,0,0,1,4,subNo
34,Male,47972.43248,0,3,0,3,5,subNo
36,Female,43718.6747,0,3,0,2,4,subNo
39,Male,60303.87378,0,2,0,3,5,subNo
39,Male,70173.7013,0,2,0,3,6,subNo
34,Female,62671.79329,0,3,0,2,5,subNo
30,Female,31319.67026,0,3,0,3,4,subNo
30,Female,45231.6718,0,4,0,3,6,subNo
47,Male,62599.06994,0,1,0,1,3,subNo
36,Male,35379.28,0,3,0,2,5,subNo
38,Male,56766.55233,0,0,0,2,4,subNo
41,Male,65600.79133,0,2,0,2,5,subNo
36,Female,71426.0028,0,1,0,2,4,subNo
41,Male,47191.59749,0,2,0,2,4,subNo
40,Male,50946.99795,0,0,0,3,3,subNo
32,Male,48685.31709,0,0,0,3,2,subNo
43,Male,29123.75364,0,2,0,3,4,subNo
34,Female,65552.64155,0,2,0,3,3,subNo
39,Female,55260.13035,0,1,0,3,3,subNo
38,Male,46508.5457,0,3,0,2,4,subNo
33,Female,35675.36268,0,4,0,2,5,subNo
34,Male,54146.79334,0,3,0,2,3,subNo
30,Male,36224.59512,0,1,0,2,4,subNo
31,Female,53855.86055,0,1,0,2,4,subNo
29,Male,54779.33305,0,5,0,2,5,subNo
21,Male,28658.54617,20297.24579,0,0,4,4,subNo
24,Female,34297.91966,16117.20956,0,1,6,5,subNo
29,Male,26864.8139,15334.30167,0,1,6,5,subNo
29,Male,27947.80891,17603.48289,0,1,6,5,subNo
27,Male,11042.00602,19076.81039,0,1,5,5,subNo
27,Male,25894.76648,19494.46661,0,0,5,4,subNo
24,Male,28528.46782,20774.9556,0,1,6,4,subNo
25,Male,19326.85452,18690.76798,0,1,6,5,subNo
27,Female,38826.25602,19036.44211,0,1,6,6,subNo
25,Male,25544.12492,19249.88659,0,1,6,4,subNo
25,Female,29122.44215,15960.67706,0,1,5,5,subNo
29,Female,17153.93277,19814.78875,0,1,5,4,subNo
25,Male,39142.94942,21545.19202,0,1,6,5,subNo
26,Male,34963.78328,21262.06319,0,0,6,5,subNo
26,Female,29471.82318,17176.76292,0,1,6,6,subNo
23,Male,35539.93209,18228.84376,0,1,5,4,subNo
27,Female,26988.81088,18666.65636,0,1,7,4,subNo
23,Male,34667.47581,21477.08957,0,1,6,6,subYes
25,Male,22489.68567,22692.9915,0,1,3,6,subNo
30,Male,21054.08787,16493.2544,0,1,5,4,subNo
25,Female,23112.07942,21658.06189,0,1,5,5,subYes
26,Male,28822.93293,19257.50003,0,0,4,4,subYes
26,Male,13584.59306,19502.63246,0,1,5,5,subNo
28,Male,39059.65927,21313.79696,0,1,6,4,subYes
26,Male,31295.3526,19811.64075,0,1,5,5,subNo
27,Female,24937.83107,18936.52332,0,1,6,5,subNo
28,Male,30694.19289,19011.91218,0,0,6,4,subNo
27,Male,38850.6493,13366.98489,0,0,7,6,subNo
30,Male,29190.93876,18741.80837,0,1,6,5,subNo
26,Male,20601.63622,17652.00583,0,1,6,5,subNo
24,Female,29813.28814,19874.62068,0,1,6,5,subNo
23,Male,25152.82769,18830.91836,0,0,6,5,subNo
27,Male,42894.91151,14735.79334,0,1,5,6,subNo
20,Male,36626.49033,21174.92962,0,1,5,5,subNo
29,Male,29678.29876,24530.47238,0,0,6,5,subNo
22,Male,32653.22481,18552.123,0,1,6,5,subNo
29,Male,27744.36809,19380.25798,0,1,5,6,subNo
24,Male,35616.61473,18770.66549,0,1,6,5,subNo
26,Male,37954.31715,14669.08868,0,1,6,5,subYes
26,Male,20806.57111,19480.69555,0,1,5,4,subYes
26,Female,29494.45666,22355.73859,0,1,5,4,subNo
26,Male,33683.21425,19719.78391,0,0,6,5,subYes
27,Female,15088.75007,15555.71441,0,1,6,6,subNo
27,Male,21751.36577,15727.39066,0,1,6,6,subYes
28,Male,19754.78313,19166.0843,0,1,5,5,subNo
23,Female,29588.86949,20065.51354,0,1,5,4,subNo
29,Female,22788.83208,19234.89896,0,1,5,5,subNo
27,Female,43209.01332,19524.14386,0,0,7,5,subNo
27,Female,36402.56386,17967.099,0,1,5,5,subYes
27,Female,24773.13721,20606.78271,0,1,5,5,subNo
23,Male,24260.90525,21531.67132,0,0,5,5,subNo
27,Male,30681.63116,21534.11866,0,1,5,4,subNo
26,Female,35725.55167,20992.10636,0,0,7,4,subNo
24,Male,32831.22664,18637.64291,0,1,5,6,subNo
27,Female,35458.14318,19061.62238,0,1,6,5,subNo
26,Male,33437.35049,18303.34596,0,1,5,5,subNo
28,Female,24764.09053,17856.45204,0,1,6,5,subNo
28,Female,30349.96096,18414.89246,0,1,5,4,subNo
25,Male,22853.76157,20529.54602,0,1,6,6,subNo
25,Female,42296.06871,19499.93121,0,1,6,6,subYes
28,Male,37075.04587,17565.27163,0,1,7,4,subNo
27,Male,30950.8918,22927.69774,0,1,5,6,subNo
28,Female,24854.8219,18943.2117,0,1,6,4,subYes
28,Male,31219.0615,20784.29863,0,1,5,4,subYes
28,Male,20926.96141,19835.50344,0,1,5,5,subNo
29,Female,22584.30602,16852.58744,0,1,6,5,subNo
29,Female,17802.00474,19600.33201,0,0,4,5,subNo
26,Male,24549.58321,20494.0492,0,1,6,5,subNo
25,Male,15035.77672,19503.8298,0,1,5,5,subYes
26,Male,29446.84262,22025.64729,0,1,4,5,subNo
23,Male,31699.42238,17121.59077,0,1,6,5,subNo
25,Male,34217.77396,17934.18978,0,1,5,6,subNo
21,Male,15568.27906,20613.03221,0,1,5,5,subNo
26,Female,19560.94204,17130.03021,0,1,6,5,subNo
24,Female,26168.43568,16871.7757,0,1,5,5,subNo
27,Female,38325.94145,18799.54659,0,1,6,5,subNo
27,Male,29587.42679,20697.15869,0,1,7,5,subNo
25,Female,24810.41141,24891.70046,0,1,5,5,subNo
23,Male,18922.10227,16200.55956,0,1,4,5,subNo
28,Male,38544.12422,18045.03711,0,1,6,6,subNo
29,Male,34351.41798,13675.55201,0,1,4,5,subNo
22,Female,28065.94407,19283.5741,0,1,5,7,subNo
28,Male,38784.93347,17484.39548,0,1,6,5,subNo
29,Female,13681.54997,15426.5056,0,1,6,5,subYes
29,Female,32411.59215,18484.57548,0,1,6,4,subNo
29,Female,34192.63801,16837.50258,0,0,6,4,subNo
26,Male,23927.46945,19569.13602,0,0,6,6,subNo
26,Male,30400.01208,19992.42102,0,1,5,4,subNo
27,Female,34768.81325,19800.25722,0,1,6,5,subNo
27,Male,18073.81578,21853.96293,0,1,6,6,subNo
28,Female,29635.18792,18372.30008,0,1,6,4,subYes
23,Female,35742.36727,22082.76973,0,1,6,3,subYes
27,Male,27165.52745,19178.88422,0,1,6,6,subNo
24,Male,30399.2683,21207.44183,0,0,6,5,subNo
22,Male,32455.83766,18358.12238,0,0,6,5,subNo
28,Male,20764.11113,21549.86792,0,1,6,4,subNo
26,Female,23407.43663,17246.66317,0,0,6,5,subNo
24,Male,23467.86497,19388.04599,0,1,5,4,subNo
24,Male,20292.93868,16543.21114,0,1,6,6,subNo
28,Male,34361.85238,18943.56661,0,1,6,6,subNo
25,Male,39662.15879,16574.49533,0,1,7,5,subNo
23,Male,23092.23061,15721.74573,0,1,6,5,subYes
24,Male,23171.19999,18542.10797,0,1,7,5,subNo
29,Male,42156.04358,20601.51696,0,0,6,4,subNo
28,Male,38375.30924,21852.0022,0,1,6,5,subNo
26,Male,23162.05196,19680.14663,0,0,7,5,subNo
26,Female,35657.15703,19771.16892,0,1,4,5,subNo
25,Male,29904.3273,16850.02158,0,1,7,4,subNo
28,Female,41864.67561,18628.58082,0,1,6,5,subNo
24,Male,22492.17588,16263.08904,0,1,7,5,subYes
27,Male,13595.95524,23274.5588,0,1,6,4,subNo
25,Male,39491.46073,19269.65735,0,1,7,5,subNo
29,Male,33843.39505,17311.30551,0,1,6,6,subNo
27,Male,20887.00819,21728.8794,0,0,5,6,subYes
28,Male,34403.50532,18674.68261,0,1,5,4,subNo
27,Male,29124.64467,16473.30644,0,1,6,4,subNo
26,Male,43659.55846,19554.9748,0,1,6,5,subNo
27,Male,41492.29246,17768.66609,0,0,5,5,subNo
22,Female,21544.22389,21822.48122,0,1,6,4,subNo
24,Male,33042.68423,18711.31798,0,0,6,6,subNo
28,Male,25453.74433,17926.95433,0,1,5,5,subNo
25,Male,21353.45018,15105.06,0,1,5,4,subNo
26,Female,30253.39528,18330.78014,0,1,5,4,subYes
27,Female,28121.72471,14883.43013,0,0,5,5,subNo
27,Female,21520.79633,16520.12369,0,1,5,6,subNo
27,Male,31775.74332,18118.58036,0,1,5,4,subNo
24,Female,17581.73533,18840.95107,0,1,5,5,subNo
27,Male,34220.54954,19564.06567,0,1,4,5,subNo
29,Female,34785.38344,21808.25443,0,1,6,6,subNo
23,Male,33828.86915,20587.52283,0,1,6,5,subNo
26,Male,36832.38931,19438.0812,0,1,6,4,subNo
26,Female,28880.80193,17221.40824,0,1,5,5,subNo
29,Male,33182.5187,17020.36992,0,1,5,5,subYes
25,Female,21992.48088,14135.16783,0,1,5,4,subNo
25,Male,32939.80727,17579.647,0,1,5,6,subYes
25,Male,31433.61337,18299.57633,0,0,6,4,subNo
31,Male,33050.04697,20172.05309,0,1,5,4,subNo
27,Male,33983.15544,17327.33719,0,1,7,5,subNo
27,Female,32085.22724,20369.62053,0,0,5,6,subNo
26,Female,24515.02761,21367.38728,0,1,6,5,subNo
22,Female,29575.0574,16995.38452,0,1,6,5,subYes
24,Male,26358.90946,22100.62703,0,1,6,6,subNo
31,Male,33427.68265,19355.4589,0,1,5,6,subNo
26,Female,23594.37336,18665.69181,0,1,6,5,subYes
24,Female,34790.74848,19451.64278,0,1,6,5,subYes
27,Male,45375.60975,21178.41495,0,1,6,4,subYes
22,Female,24077.67932,21523.53979,0,1,6,5,subNo
25,Male,16780.66629,19740.3046,0,1,5,5,subNo
28,Male,28180.17865,20365.32561,0,1,4,5,subYes
27,Male,25973.59092,16199.81531,0,1,6,4,subNo
27,Female,39883.0304,15569.24486,0,1,6,5,subNo
24,Male,30705.40833,16533.57167,0,1,5,5,subNo
26,Male,33529.60495,21680.84703,0,1,5,6,subNo
29,Male,16051.90644,18687.6807,0,0,6,5,subNo
25,Female,23329.06172,21587.66148,0,1,6,6,subYes
27,Male,25766.79938,21222.10897,0,0,6,5,subNo
29,Female,21870.19371,18224.5973,0,1,6,4,subNo
26,Male,49509.1743,17576.52034,0,1,5,5,subNo
27,Male,23407.21837,18064.29049,0,0,5,5,subNo
27,Male,23443.60528,19586.03528,0,1,6,5,subNo
27,Male,29622.54664,19393.22677,0,1,5,5,subNo
23,Female,20528.40229,18519.4167,0,1,6,5,subYes
25,Male,34214.80795,14515.53293,0,0,6,5,subNo
24,Male,37679.52063,16902.88518,0,1,5,6,subNo
24,Female,28904.21854,18026.2959,0,1,5,5,subNo
25,Female,37916.41412,20782.3954,0,1,4,5,subNo
22,Female,29847.64872,15563.07111,0,1,5,5,subYes
26,Male,26575.74275,17807.11366,0,0,5,6,subNo
26,Male,12132.66228,20365.48003,0,1,6,5,subNo
25,Female,13359.58393,17253.139,0,1,5,5,subNo
27,Male,23709.17125,22303.16777,0,1,5,5,subNo
23,Male,24945.60984,19122.84191,0,1,4,3,subYes
24,Female,35698.08984,22077.84528,0,1,4,5,subYes
26,Male,26610.62582,16964.17242,0,1,5,5,subNo
26,Female,26873.37735,18417.03273,0,1,6,5,subYes
25,Female,21000.59325,20536.92044,0,0,6,5,subNo
24,Female,27906.33491,17545.09237,0,1,5,5,subNo
27,Male,31270.70583,16089.36767,0,1,6,5,subYes
25,Male,35556.31843,19634.42393,0,0,6,6,subYes
25,Female,22190.59537,14687.00094,0,0,5,5,subNo
24,Female,40565.19301,21360.241,0,1,6,4,subNo
30,Male,33279.42181,18560.6313,0,0,6,5,subYes
28,Male,36494.73082,16070.53868,0,1,6,5,subYes
24,Female,22955.75275,15656.54244,0,1,5,4,subNo
28,Male,30714.16952,18911.98162,0,1,5,5,subNo
27,Male,34255.88118,18736.5528,0,1,5,4,subNo
28,Female,25589.80783,21341.73724,0,1,7,4,subNo
26,Female,31567.70721,24358.33187,0,1,5,5,subNo
28,Female,24571.18351,18299.35624,0,1,7,4,subNo
27,Male,17848.05063,19090.71895,0,1,6,5,subNo
26,Female,25917.11319,18300.06931,0,1,6,6,subNo
28,Male,30436.12459,19793.31973,0,1,5,5,subNo
27,Female,34804.60056,18798.05334,0,0,4,5,subNo
23,Female,36569.11538,21232.79389,0,1,6,4,subNo
28,Male,29240.73764,22984.08594,0,0,5,5,subNo
25,Male,35532.55122,17658.9103,0,1,5,4,subYes
27,Male,31762.62823,18715.72149,0,1,5,6,subNo
26,Male,24332.49095,22246.17649,0,1,5,4,subNo
25,Female,31541.01149,17404.35794,0,0,5,6,subNo
25,Male,31383.5145,19111.35599,0,0,5,5,subNo
27,Male,27249.4393,19721.86763,0,1,6,5,subNo
26,Male,32023.26725,21865.74371,0,1,7,5,subNo
30,Female,33939.91715,18751.12458,0,1,6,6,subNo
28,Male,25872.16788,18143.45573,0,1,7,6,subNo
30,Male,37017.01177,18475.66959,0,1,6,5,subYes
25,Female,32651.17141,21990.08955,0,1,5,5,subNo
25,Male,33831.05138,17794.6029,0,1,4,4,subNo
26,Female,20844.30281,17681.58674,0,1,6,4,subNo
25,Female,43322.94524,18676.79012,0,1,5,5,subNo
26,Female,24105.85543,16746.13325,0,1,5,5,subYes
25,Male,33685.60505,16533.90835,0,1,6,5,subNo
26,Male,28525.65807,18813.32093,0,1,5,6,subNo
27,Male,26632.53772,16338.31134,0,1,5,3,subNo
29,Male,16326.61013,19426.50937,0,1,7,5,subNo
28,Female,39053.55918,19870.74817,0,1,6,4,subNo
24,Male,22903.92791,20060.89863,0,1,6,5,subYes
26,Female,20697.95774,15492.00247,0,1,6,5,subNo
29,Male,38730.78969,17530.8074,0,1,7,5,subYes
24,Female,32738.47807,19893.08943,0,1,5,5,subNo
27,Female,42221.1769,18369.171,0,1,5,4,subNo
26,Female,30124.19095,16880.13948,0,1,6,5,subNo
27,Male,30293.71899,16383.86286,0,1,6,7,subNo
25,Male,26510.89218,21107.69711,0,0,5,6,subYes
26,Male,33991.22226,18844.46838,0,1,5,3,subNo
29,Male,31685.32234,20354.28663,0,1,6,6,subNo
27,Male,30406.12413,20559.4053,0,1,5,5,subYes
27,Male,19068.36016,22202.84701,0,1,5,5,subNo
25,Male,21159.56731,17009.46894,0,1,5,5,subNo
26,Male,25922.03821,21738.75343,0,1,6,5,subNo
28,Female,16607.36633,19267.55205,0,1,4,5,subNo
29,Male,15006.99703,17932.34863,0,1,4,4,subNo
29,Female,33144.87219,20409.18874,0,0,5,4,subNo
26,Female,24944.19527,24280.41956,0,1,6,4,subNo
25,Male,30934.42279,21168.69367,0,1,6,5,subNo
28,Female,32809.87347,19394.23413,0,0,6,6,subYes
27,Male,27694.67049,16999.45863,0,1,6,5,subNo
28,Male,12080.28137,18400.64304,0,1,4,4,subNo
25,Female,38570.49485,23435.1158,0,1,6,4,subNo
23,Male,27183.97373,22667.3245,0,1,6,5,subNo
29,Male,36255.73927,19450.43925,0,1,6,4,subNo
24,Male,16622.38258,21172.15905,0,1,6,5,subNo
24,Male,37875.49729,17578.80989,0,1,5,6,subNo
26,Female,32145.44407,19953.06991,0,1,5,5,subNo
24,Male,28853.73675,18828.06306,0,0,5,4,subNo
29,Male,28780.5776,19637.45226,0,1,5,5,subNo
25,Male,26355.96196,19171.10259,0,0,6,6,subNo
26,Female,18805.14432,18503.39136,0,1,5,3,subNo
29,Male,29516.84668,19938.42194,0,0,6,7,subNo
29,Female,32969.08733,17502.94133,0,1,5,5,subNo
28,Female,18084.46044,20396.19439,0,1,5,5,subNo
28,Male,22399.52363,18330.97192,0,1,7,5,subNo
30,Male,28360.49033,14159.76097,0,0,6,6,subNo
23,Female,23995.66913,23906.892,0,0,6,4,subNo
28,Female,27162.13448,18386.65724,0,1,6,4,subNo
24,Male,26567.42982,23529.36185,0,1,7,5,subYes
25,Male,48863.25727,24358.635,0,1,6,6,subNo
24,Male,26927.69891,20987.73906,0,1,4,5,subNo
24,Male,24086.23165,17728.795,0,1,6,5,subNo
25,Male,27607.59302,21245.9668,0,1,6,6,subNo
24,Female,24025.37093,18741.15996,0,1,5,5,subYes
40,Male,58169.37355,57952.75173,1,1,5,3,subNo
47,Male,53636.57077,46925.14227,0,1,6,4,subYes
45,Male,60716.99221,53892.06623,1,1,5,5,subNo
43,Male,51744.81985,52384.89831,3,1,5,5,subNo
45,Male,57285.50299,54111.12399,2,1,6,5,subYes
43,Male,62547.60415,64463.33918,2,1,5,5,subNo
44,Male,68274.61698,54274.60218,2,1,5,6,subYes
46,Male,62170.70081,49315.53143,2,1,5,5,subNo
45,Female,65005.73776,52335.38524,1,1,5,4,subNo
43,Female,52920.74102,62014.7677,0,1,4,5,subNo
38,Male,56589.37966,62516.91055,0,1,7,4,subNo
46,Male,63149.63505,51084.07134,0,1,4,3,subNo
40,Female,55713.00714,46723.36712,0,1,5,4,subYes
49,Male,63138.73944,60384.76991,1,1,5,4,subYes
52,Male,60595.01753,48302.44118,1,1,6,5,subYes
46,Male,57948.69465,53356.21165,1,1,4,5,subNo
40,Male,63830.05455,56991.91125,1,1,7,4,subNo
47,Male,57227.37506,59132.96279,4,1,7,5,subYes
44,Male,63377.17678,47236.41992,2,1,5,5,subNo
49,Male,57196.64042,45222.87286,1,1,5,3,subNo
39,Female,58357.2191,54331.51446,3,1,5,4,subYes
42,Male,59800.73091,54401.98329,0,1,5,6,subYes
40,Male,64926.97154,43225.74812,0,1,6,5,subNo
44,Male,52838.40654,57067.58589,1,1,5,3,subNo
49,Male,62055.45497,50057.12438,3,1,6,4,subNo
42,Male,50221.69253,60861.21173,2,1,6,3,subNo
44,Female,63852.08011,49243.06875,0,1,6,4,subNo
43,Male,58147.55517,52010.76544,0,1,4,3,subNo
42,Female,54936.21882,43337.58738,0,1,4,4,subYes
45,Male,51368.91703,55695.57106,0,1,5,4,subYes
45,Male,54818.19079,47698.70277,2,1,5,4,subNo
39,Male,63200.47657,51314.92072,3,1,5,5,subNo
42,Female,60110.61449,54930.15967,1,1,6,5,subNo
42,Male,61802.32672,52703.45203,1,1,5,5,subYes
36,Male,58564.28853,58939.02725,2,1,5,4,subNo
47,Male,63992.68878,47599.28455,1,1,6,4,subYes
36,Female,61535.19921,59839.13023,1,1,6,4,subNo
42,Male,61230.56865,63570.25213,0,1,6,4,subNo
48,Male,59938.5963,46571.98664,0,1,5,3,subNo
38,Male,63769.15403,56480.38697,3,1,6,4,subNo
42,Female,60072.39316,52382.91575,1,1,6,4,subNo
41,Male,54717.35819,48053.43169,1,1,6,5,subYes
47,Male,51508.56211,56528.37796,1,1,5,4,subNo
34,Male,52741.97388,49233.5488,3,1,5,3,subNo
42,Male,63227.08212,59440.07941,0,1,6,3,subYes
41,Male,55770.47957,39546.34033,3,1,6,4,subNo
46,Female,69164.74262,50755.44073,0,1,4,4,subYes
48,Male,60916.55481,61650.49013,0,1,6,4,subNo
47,Male,62350.55365,56762.39227,1,1,6,4,subNo
40,Male,59850.98017,49544.36191,1,1,6,5,subNo
